{"cameraMode":{"drawMode":0,"name":"Shaded","section":"Shading Mode"},"sceneLighting":true,"audioPlay":false,"sceneViewState":{"showFog":true,"showMaterialUpdate":true,"showSkybox":true,"showFlares":true,"showImageEffects":true,"showParticleSystems":true},"in2DMode":false,"pivot":{"x":0.7078995108604431,"y":1.8084571361541749,"z":-1.8625154495239258},"rotation":{"x":0.1755746304988861,"y":-0.658098042011261,"z":0.16200844943523408,"w":0.7141772508621216},"size":4.657884120941162,"orthographic":false}